# Pin Out For CertusPro-NX 50K,,,,,,,,,,,
# Revision 0.8,,,,,,,,,,,
"# Revised May, 4, 2022",,,,,,,,,,,
# Initial released based on PKT Release 1,,,,,,,,,,,
# Revision 1.0,,,,,,,,,,,
"# Revised Feb, 10, 2023",,,,,,,,,,,
# Move to production release,,,,,,,,,,,
,,,,,,,,,,,
PADN,Pin/Ball Function,CUST_NAME,BANK,DQS,Dual Function,LVDS,HIGHSPEED,BBG484,BFG484,ASG256,CBG256
8,PL3A,-,7,-,ULC_GPLL0T_IN/EIO,True_OF_PL3B,-,G7,G7,D15,D15
9,PL3B,-,7,-,EIO,Comp_OF_PL3A,-,G6,G6,D16,D16
11,PL4A,-,7,-,ULC_GPLL0T_MFGOUT1/EIO,True_OF_PL4B,-,H8,H8,E12,E12
12,PL4B,-,7,-,ULC_GPLL0T_MFGOUT2/EIO,Comp_OF_PL4A,-,H7,H7,E13,E13
15,PL6A,-,7,-,EIO,True_OF_PL6B,-,G5,G5,E14,E14
16,PL6B,-,7,-,EIO,Comp_OF_PL6A,-,H6,H6,E15,E15
18,PL8A,-,7,-,EIO,True_OF_PL8B,-,H5,H5,F11,F11
19,PL8B,-,7,-,EIO,Comp_OF_PL8A,-,H4,H4,F12,F12
22,PL10A,-,7,-,EIO,True_OF_PL10B,-,H1,H1,F14,F13
23,PL10B,-,7,-,EIO,Comp_OF_PL10A,-,J1,J1,F15,F14
27,PL11A,-,7,-,EIO,True_OF_PL11B,-,J9,J9,E16,E16
28,PL11B,-,7,-,EIO,Comp_OF_PL11A,-,J8,J8,F16,F16
33,PL13A,-,7,-,EIO,True_OF_PL13B,-,J7,J7,G9,G9
34,PL13B,-,7,-,EIO,Comp_OF_PL13A,-,J6,J6,G10,G10
36,PL15A,-,7,-,EIO,True_OF_PL15B,-,J3,J3,G11,G11
37,PL15B,-,7,-,EIO,Comp_OF_PL15A,-,J2,J2,G12,G12
46,PL17A,-,7,-,EIO,True_OF_PL17B,-,K10,K10,G14,G13
47,PL17B,-,7,-,EIO,Comp_OF_PL17A,-,K9,K9,G15,G14
51,PL19A,-,7,-,EIO,True_OF_PL19B,-,L8,L8,G16,F15
52,PL19B,-,7,-,EIO,Comp_OF_PL19A,-,K8,K8,H16,G15
55,PL20A,-,7,-,EIO,True_OF_PL20B,-,K4,K4,-,-
56,PL20B,-,7,-,EIO,Comp_OF_PL20A,-,K3,K3,-,-
59,PL22A,-,7,-,EIO,True_OF_PL22B,-,K2,K2,-,-
60,PL22B,-,7,-,EIO,Comp_OF_PL22A,-,K1,K1,-,-
62,PL24A,-,7,-,EIO,True_OF_PL24B,-,L11,L11,-,-
63,PL24B,-,7,-,EIO,Comp_OF_PL24A,-,L10,L10,-,-
66,PL26A,-,7,-,EIO,True_OF_PL26B,-,L9,L9,-,-
67,PL26B,-,7,-,EIO,Comp_OF_PL26A,-,M8,M8,-,-
72,PL28A,-,7,-,PCLKT7_2/EIO,True_OF_PL28B,-,K6,K6,H9,H9
73,PL28B,-,7,-,EIO,Comp_OF_PL28A,-,L6,L6,H10,H10
78,PL29A,-,7,-,PCLKT7_1/EIO,True_OF_PL29B,-,L5,L5,H11,H11
79,PL29B,-,7,-,EIO,Comp_OF_PL29A,-,L4,L4,H12,H12
84,PL31A,-,7,-,PCLKT7_0/EIO,True_OF_PL31B,-,L3,L3,H14,H13
85,PL31B,-,7,-,EIO,Comp_OF_PL31A,-,L2,L2,H15,H14
90,PL33A,-,7,-,EIO,True_OF_PL33B,-,L1,L1,-,-
91,PL33B,-,7,-,EIO,Comp_OF_PL33A,-,M1,M1,-,-
95,PL35A,-,7,-,EIO,True_OF_PL35B,-,M2,M2,-,-
96,PL35B,-,7,-,EIO,Comp_OF_PL35A,-,M3,M3,-,-
98,PL38A,-,7,-,EIO,True_OF_PL38B,-,M4,M4,-,-
99,PL38B,-,7,-,EIO,Comp_OF_PL38A,-,M5,M5,-,-
102,PL40A,-,6,-,EIO,True_OF_PL40B,-,M6,M6,-,-
103,PL40B,-,6,-,EIO,Comp_OF_PL40A,-,M7,M7,-,-
107,PL42A,-,6,-,PCLKT6_0/EIO,True_OF_PL42B,-,M10,M10,J16,J13
108,PL42B,-,6,-,EIO,Comp_OF_PL42A,-,M11,M11,J15,J12
112,PL44A,-,6,-,PCLKT6_1/EIO,True_OF_PL44B,-,N1,N1,J11,J11
113,PL44B,-,6,-,EIO,Comp_OF_PL44A,-,N2,N2,J10,J10
118,PL46A,-,6,-,PCLKT6_2/EIO,True_OF_PL46B,-,N3,N3,J9,J9
119,PL46B,-,6,-,EIO,Comp_OF_PL46A,-,N4,N4,J8,J8
123,PL47A,-,6,-,EIO,True_OF_PL47B,-,N5,N5,-,-
124,PL47B,-,6,-,EIO,Comp_OF_PL47A,-,N6,N6,-,-
127,PL49A,-,6,-,EIO,True_OF_PL49B,-,N7,N7,-,-
128,PL49B,-,6,-,EIO,Comp_OF_PL49A,-,N8,N8,-,-
131,PL51A,-,6,-,EIO,True_OF_PL51B,-,M9,M9,-,-
132,PL51B,-,6,-,EIO,Comp_OF_PL51A,-,N9,N9,-,-
136,PL53A,-,6,-,EIO,True_OF_PL53B,-,P1,P1,-,-
137,PL53B,-,6,-,EIO,Comp_OF_PL53A,-,P2,P2,-,-
141,PL55A,-,6,-,EIO,True_OF_PL55B,-,P3,P3,-,-
142,PL55B,-,6,-,EIO,Comp_OF_PL55A,-,P4,P4,-,-
145,PL56A,-,6,-,EIO,True_OF_PL56B,-,P9,P9,-,-
146,PL56B,-,6,-,EIO,Comp_OF_PL56A,-,P8,P8,-,-
151,PL58A,-,6,-,EIO,True_OF_PL58B,-,N10,N10,-,-
152,PL58B,-,6,-,EIO,Comp_OF_PL58A,-,P10,P10,-,-
157,PL60A,-,6,-,EIO,True_OF_PL60B,-,R1,R1,-,-
158,PL60B,-,6,-,EIO,Comp_OF_PL60A,-,R2,R2,-,-
161,PL62A,-,6,-,EIO,True_OF_PL62B,-,R3,R3,-,-
162,PL62B,-,6,-,EIO,Comp_OF_PL62A,-,R4,R4,-,-
166,PL64A,-,6,-,EIO,True_OF_PL64B,-,R5,R5,-,-
167,PL64B,-,6,-,EIO,Comp_OF_PL64A,-,R6,R6,-,-
170,PL65A,-,6,-,EIO,True_OF_PL65B,-,R7,T6,-,-
171,PL65B,-,6,-,EIO,Comp_OF_PL65A,-,T7,R7,-,-
174,PL67A,-,6,-,EIO,True_OF_PL67B,-,R8,R8,-,-
175,PL67B,-,6,-,EIO,Comp_OF_PL67A,-,R9,R9,-,-
213,PB2A,-,5,BDQ6,LLC_GPLL0T_IN/CDR_RXP0/VREF5_1/ADC_CP0/COMP1P,True_OF_PB2B,TRUE,T2,T2,M16,K15
218,PB4A,-,5,BDQ6,PCLKT5_0/LLC_GPLL0T_MFGOUT1/CDR_RXP1/ADC_CP1/COMP2P,True_OF_PB4B,TRUE,U5,U4,N16,L12
221,PB2B,-,5,BDQ6,LLC_GPLL0C_IN/CDR_RXN0/ADC_CN0/COMP1N,Comp_OF_PB2A,TRUE,U2,T3,M15,L15
225,PB4B,-,5,BDQ6,PCLKC5_0/LLC_GPLL0T_MFGOUT2/CDR_RXN1/ADC_CN1/COMP2N,Comp_OF_PB4A,TRUE,T5,U5,N15,K12
227,PB6A,-,5,BDQS6,-,True_OF_PB6B,TRUE,T1,T1,L16,K16
231,PB6B,-,5,BDQSN6,-,Comp_OF_PB6A,TRUE,U1,U1,L15,L16
232,PB8A,-,5,BDQ6,ADC_CP3,True_OF_PB8B,TRUE,T4,V3,P15,K13
236,PB10A,-,5,BDQ6,PCLKT5_1/CDR0_TESTP/ADC_CP2/COMP3P,True_OF_PB10B,TRUE,U3,U2,K16,L14
237,PB8B,-,5,BDQ6,ADC_CN3,Comp_OF_PB8A,TRUE,U4,U3,P16,L13
240,PB10B,-,5,BDQ6,PCLKC5_1/CDR0_TESTN/ADC_CN2/COMP3N,Comp_OF_PB10A,TRUE,T3,V2,K15,K14
241,PB12A,-,5,BDQ6,CDR1_TESTP,True_OF_PB12B,TRUE,T6,T4,R16,K11
245,PB12B,-,5,BDQ6,CDR1_TESTN,Comp_OF_PB12A,TRUE,U6,T5,R15,L11
247,PB26A,-,5,BDQ30,-,True_OF_PB26B,TRUE,W3,W3,K14,M16
253,PB26B,-,5,BDQ30,-,Comp_OF_PB26A,TRUE,Y3,Y3,L14,M15
254,PB28A,-,5,BDQ30,-,True_OF_PB28B,TRUE,W5,W4,M14,M14
258,PB28B,-,5,BDQ30,-,Comp_OF_PB28A,TRUE,Y5,Y4,M13,N15
261,PB30A,-,5,BDQS30,-,True_OF_PB30B,TRUE,V1,V1,R14,N16
264,PB32A,-,5,BDQ30,-,True_OF_PB32B,TRUE,W6,Y6,P13,P15
266,PB30B,-,5,BDQSN30,-,Comp_OF_PB30A,TRUE,W1,W1,T14,P16
268,PB32B,-,5,BDQ30,-,Comp_OF_PB32A,TRUE,Y6,Y5,P14,R15
270,PB34A,-,5,BDQ30,-,True_OF_PB34B,TRUE,W2,W2,K13,N14
273,PB36A,-,5,BDQ30,-,True_OF_PB36B,TRUE,V6,W6,T13,M13
274,PB34B,-,5,BDQ30,-,Comp_OF_PB34A,TRUE,Y2,Y2,L13,N13
277,PB38A,-,5,BDQ42,-,True_OF_PB38B,TRUE,AA2,AA2,K12,P14
278,PB36B,-,5,BDQ30,-,Comp_OF_PB36A,TRUE,V5,V6,R13,M12
282,PB38B,-,5,BDQ42,-,Comp_OF_PB38A,TRUE,AA3,AA3,J12,P13
284,PB40A,-,5,BDQ42,PCLKT5_2,True_OF_PB40B,TRUE,AB2,AB2,P12,R14
289,PB40B,-,5,BDQ42,PCLKC5_2,Comp_OF_PB40A,TRUE,AB3,AB3,P11,R13
290,PB42A,-,5,BDQS42,-,True_OF_PB42B,TRUE,Y1,Y1,T12,T14
296,PB44A,-,5,BDQ42,-,True_OF_PB44B,TRUE,AA4,AA4,T11,N12
297,PB42B,-,5,BDQSN42,-,Comp_OF_PB42A,TRUE,AA1,AA1,R12,T13
300,PB46A,-,5,BDQ42,PCLKT5_3,True_OF_PB46B,TRUE,AA5,AA5,L12,R12
301,PB44B,-,5,BDQ42,-,Comp_OF_PB44A,TRUE,AB4,AB4,R11,P12
305,PB46B,-,5,BDQ42,PCLKC5_3,Comp_OF_PB46A,TRUE,AB5,AB5,L11,T12
306,PB48A,-,5,BDQ42,-,True_OF_PB48B,TRUE,AB6,AB6,M12,N11
311,PB48B,-,5,BDQ42,VREF5_2,Comp_OF_PB48A,TRUE,AA6,AA6,M11,M11
320,PB50A,-,4,BDQ54,VREF4_1,True_OF_PB50B,TRUE,W7,W7,K11,K10
325,PB52A,-,4,BDQ54,PCLKT4_0,True_OF_PB52B,TRUE,V7,V7,T9,P10
326,PB50B,-,4,BDQ54,-,Comp_OF_PB50A,TRUE,Y7,Y7,K10,L10
331,PB52B,-,4,BDQ54,PCLKC4_0,Comp_OF_PB52A,TRUE,U7,U7,R9,R10
334,PB54A,-,4,BDQS54,-,True_OF_PB54B,TRUE,AB7,AB7,T10,T10
339,PB54B,-,4,BDQSN54,-,Comp_OF_PB54A,TRUE,AB8,AB8,R10,T9
341,PB56A,-,4,BDQ54,-,True_OF_PB56B,TRUE,T8,U8,M10,R9
343,PB58A,-,4,BDQ54,PCLKT4_1,True_OF_PB58B,TRUE,AA7,AA7,K9,N9
344,PB56B,-,4,BDQ54,-,Comp_OF_PB56A,TRUE,U8,T8,L10,P9
346,PB58B,-,4,BDQ54,PCLKC4_1,Comp_OF_PB58A,TRUE,Y8,Y8,L9,M9
347,PB60A,-,4,BDQ54,-,True_OF_PB60B,TRUE,W8,W8,P9,L9
349,PB60B,-,4,BDQ54,-,Comp_OF_PB60A,TRUE,V8,V8,P10,K9
351,NC,VSS,99,-,-,-,-,AA8,AA8,-,-
355,NC,VSS,99,-,-,-,-,U9,U9,-,-
356,NC,VSS,99,-,-,-,-,AA9,AA9,-,-
360,NC,VSS,99,-,-,-,-,AB9,AB9,-,-
361,NC,VSS,99,-,-,-,-,T9,T9,-,-
364,NC,VSS,99,-,-,-,-,AB10,AB10,-,-
365,NC,VSS,99,-,-,-,-,U10,U10,-,-
369,NC,VSS,99,-,-,-,-,T10,T10,-,-
371,NC,VSS,99,-,-,-,-,AA10,AA10,-,-
376,NC,VSS,99,-,-,-,-,Y10,Y10,-,-
377,NC,VSS,99,-,-,-,-,W10,W10,-,-
379,NC,VSS,99,-,-,-,-,U11,V10,-,-
380,NC,VSS,99,-,-,-,-,V10,W11,-,-
382,NC,VSS,99,-,-,-,-,V11,V11,-,-
383,NC,VSS,99,-,-,-,-,Y11,Y11,-,-
385,NC,VSS,99,-,-,-,-,W11,Y12,-,-
388,NC,VSS,99,-,-,-,-,AB11,AB11,-,-
392,NC,VSS,99,-,-,-,-,AB12,AB12,-,-
393,NC,VSS,99,-,-,-,-,AA11,AA11,-,-
397,NC,VSS,99,-,-,-,-,AA12,AA12,-,-
398,NC,VSS,99,-,-,-,-,AB13,AB13,-,-
400,NC,VSS,99,-,-,-,-,AA13,AA13,-,-
401,NC,VSS,99,-,-,-,-,Y13,W13,-,-
405,NC,VSS,99,-,-,-,-,W13,Y13,-,-
407,PB98A,-,4,BDQ102,ADC_CP5,True_OF_PB98B,TRUE,V14,V14,L8,L7
413,PB98B,-,4,BDQ102,ADC_CN5,Comp_OF_PB98A,TRUE,W14,W14,L7,M7
414,PB100A,-,4,BDQ102,PCLKT4_2/ADC_CP7,True_OF_PB100B,TRUE,U12,U12,K8,P8
420,PB102A,-,4,BDQS102,ADC_CP6,True_OF_PB102B,TRUE,AB14,AB14,R8,T8
421,PB100B,-,4,BDQ102,PCLKC4_2/ADC_CN7,Comp_OF_PB100A,TRUE,T12,T12,K7,R8
424,PB102B,-,4,BDQSN102,ADC_CN6,Comp_OF_PB102A,TRUE,AB15,AB15,T8,T7
425,PB104A,-,4,BDQ102,ADC_CP9,True_OF_PB104B,TRUE,V13,V13,T7,M6
427,PB104B,-,4,BDQ102,ADC_CN9,Comp_OF_PB104A,TRUE,U13,U13,R7,N6
429,PB106A,-,4,BDQ102,PCLKT4_3,True_OF_PB106B,TRUE,AA14,AA14,M7,P6
431,PB106B,-,4,BDQ102,PCLKC4_3,Comp_OF_PB106A,TRUE,Y14,Y14,M6,R6
432,PB108A,-,4,BDQ102,-,True_OF_PB108B,TRUE,U14,U14,N7,T6
438,PB108B,-,4,BDQ102,VREF4_2,Comp_OF_PB108A,TRUE,T14,T14,N6,T5
449,PB110A,-,3,BDQ114,VREF3_1/ADC_CP10,True_OF_PB110B,TRUE,AB18,AB18,K6,R5
454,PB112A,-,3,BDQ114,PCLKT3_0/ADC_CP4,True_OF_PB112B,TRUE,Y19,Y19,R6,N5
456,PB110B,-,3,BDQ114,ADC_CN10,Comp_OF_PB110A,TRUE,AB19,AB19,K5,R4
458,PB112B,-,3,BDQ114,PCLKC3_0/ADC_CN4,Comp_OF_PB112A,TRUE,Y18,Y18,T6,P5
460,PB114A,-,3,BDQS114,COMP1IP,True_OF_PB114B,TRUE,AB21,AB21,R5,T3
463,PB114B,-,3,BDQSN114,COMP1IN,Comp_OF_PB114A,TRUE,AB20,AB20,T5,T4
464,PB116A,-,3,BDQ114,ADC_CP8,True_OF_PB116B,TRUE,W19,W19,M5,M5
469,PB118A,-,3,BDQ114,PCLKT3_1/COMP2IP,True_OF_PB118B,TRUE,V19,V19,L6,P3
470,PB116B,-,3,BDQ114,ADC_CN8,Comp_OF_PB116A,TRUE,W18,W18,M4,N4
474,PB118B,-,3,BDQ114,PCLKC3_1/COMP2IN,Comp_OF_PB118A,TRUE,V18,V18,L5,P4
475,PB120A,-,3,BDQ114,ADC_CP13,True_OF_PB120B,TRUE,AA18,AA18,N4,R2
479,PB120B,-,3,BDQ114,ADC_CN13,Comp_OF_PB120A,TRUE,AA17,AA17,N5,R3
481,NC,VSS,99,-,-,-,-,AA15,AA15,-,-
488,NC,VSS,99,-,-,-,-,Y15,Y17,-,-
489,NC,VSS,99,-,-,-,-,AA16,AA16,-,-
493,NC,VSS,99,-,-,-,-,AB16,AB16,-,-
494,NC,VSS,99,-,-,-,-,Y16,W17,-,-
497,NC,VSS,99,-,-,-,-,AB17,AB17,-,-
498,NC,VSS,99,-,-,-,-,V15,Y15,-,-
500,NC,VSS,99,-,-,-,-,W15,Y16,-,-
502,NC,VSS,99,-,-,-,-,U15,V15,-,-
504,NC,VSS,99,-,-,-,-,T15,W15,-,-
505,NC,VSS,99,-,-,-,-,W16,W16,-,-
507,PB134A,-,3,BDQ138,-,True_OF_PB134B,TRUE,T19,T19,-,-
508,NC,VSS,99,-,-,-,-,V16,V17,-,-
511,PB134B,-,3,BDQ138,-,Comp_OF_PB134A,TRUE,U19,U19,-,-
512,PB136A,-,3,BDQ138,-,True_OF_PB136B,TRUE,T16,U16,-,-
517,PB136B,-,3,BDQ138,-,Comp_OF_PB136A,TRUE,U16,T16,-,-
519,PB138A,-,3,BDQS138,-,True_OF_PB138B,TRUE,T22,T22,-,-
526,PB138B,-,3,BDQSN138,-,Comp_OF_PB138A,TRUE,U22,U22,-,-
527,PB140A,-,3,BDQ138,-,True_OF_PB140B,TRUE,T17,T17,-,-
530,PB140B,-,3,BDQ138,-,Comp_OF_PB140A,TRUE,U17,U17,-,-
531,PB142A,-,3,BDQ138,-,True_OF_PB142B,TRUE,T20,T20,-,-
533,PB142B,-,3,BDQ138,-,Comp_OF_PB142A,TRUE,T21,T21,-,-
534,PB144A,-,3,BDQ138,-,True_OF_PB144B,TRUE,T18,T18,-,-
537,PB144B,-,3,BDQ138,-,Comp_OF_PB144A,TRUE,U18,U18,-,-
539,PB146A,-,3,BDQ150,ADC_CP14,True_OF_PB146B,TRUE,AA19,AA19,L4,M3
542,PB146B,-,3,BDQ150,ADC_CN14,Comp_OF_PB146A,TRUE,AA20,AA20,K4,N3
543,PB148A,-,3,BDQ150,PCLKT3_2/COMP3IP,True_OF_PB148B,TRUE,W22,W22,T4,N2
548,PB150A,-,3,BDQS150,ADC_CP11,True_OF_PB150B,TRUE,AA22,AA22,R3,P1
549,PB148B,-,3,BDQ150,PCLKC3_2/COMP3IN,Comp_OF_PB148A,TRUE,W21,W21,R4,P2
551,PB150B,-,3,BDQSN150,ADC_CN11,Comp_OF_PB150A,TRUE,Y22,Y22,T3,N1
552,PB152A,-,3,BDQ150,ADC_CP12,True_OF_PB152B,TRUE,V22,V22,R2,L4
556,PB152B,-,3,BDQ150,ADC_CN12,Comp_OF_PB152A,TRUE,V21,V21,R1,M4
559,PB154A,-,3,BDQ150,PCLKT3_3/LRC_GPLL0T_MFGOUT1/ADC_CP15,True_OF_PB154B,TRUE,Y21,Y21,N3,L3
564,PB154B,-,3,BDQ150,PCLKC3_3/LRC_GPLL0T_MFGOUT2/ADC_CN15,Comp_OF_PB154A,TRUE,AA21,AA21,M3,L2
565,PB156A,-,3,BDQ150,LRC_GPLL0T_IN/ATB_FORCE,True_OF_PB156B,TRUE,U20,U20,L3,M2
570,PB156B,-,3,BDQ150,LRC_GPLL0C_IN/VREF3_2/ATB_SENSE,Comp_OF_PB156A,TRUE,U21,U21,K3,M1
579,ADC_REFP0,-,70,-,-,-,-,R19,R19,L2,L5
580,ADC_REFP1,-,70,-,-,-,-,R18,R18,M2,K5
584,ADC_DP0,-,70,-,-,True_OF_ADC_DN0,-,R14,R14,L1,K7
585,ADC_DP1,-,70,-,-,True_OF_ADC_DN1,-,R16,R16,N2,K6
588,ADC_DN0,-,70,-,-,Comp_OF_ADC_DP0,-,R15,R15,M1,K8
589,ADC_DN1,-,70,-,-,Comp_OF_ADC_DP1,-,R17,R17,P2,L6
617,PR67A,-,2,-,EIO,True_OF_PR67B,-,R22,R22,-,-
618,PR67B,-,2,-,EIO,Comp_OF_PR67A,-,R21,R21,-,-
620,PR65A,-,2,-,EIO,True_OF_PR65B,-,P13,P13,-,-
621,PR65B,-,2,-,EIO,Comp_OF_PR65A,-,P14,P14,-,-
624,PR64A,-,2,-,EIO,True_OF_PR64B,-,P19,P19,-,-
625,PR64B,-,2,-,EIO,Comp_OF_PR64A,-,P18,P18,-,-
629,PR62A,-,2,-,EIO,True_OF_PR62B,-,P20,P20,-,-
630,PR62B,-,2,-,EIO,Comp_OF_PR62A,-,R20,R20,-,-
633,PR60A,-,2,-,EIO,True_OF_PR60B,-,P22,P22,-,-
634,PR60B,-,2,-,EIO,Comp_OF_PR60A,-,P21,P21,-,-
638,PR58A,-,2,-,EIO,True_OF_PR58B,-,N22,N22,-,-
639,PR58B,-,2,-,EIO,Comp_OF_PR58A,-,N21,N21,-,-
642,PR56A,-,2,-,EIO,True_OF_PR56B,-,M16,M16,-,-
643,PR56B,-,2,-,EIO,Comp_OF_PR56A,-,M15,M15,-,-
645,PR55A,-,2,-,EIO,True_OF_PR55B,-,N17,N17,-,-
646,PR55B,-,2,-,EIO,Comp_OF_PR55A,-,N18,N18,-,-
650,PR53A,-,2,-,EIO,True_OF_PR53B,-,N13,N13,-,-
651,PR53B,-,2,-,EIO,Comp_OF_PR53A,-,N14,N14,-,-
655,PR51A,-,2,-,EIO,True_OF_PR51B,-,N11,N11,-,-
656,PR51B,-,2,-,EIO,Comp_OF_PR51A,-,N12,N12,-,-
659,PR49A,-,2,-,EIO,True_OF_PR49B,-,M14,M14,-,-
660,PR49B,-,2,-,EIO,Comp_OF_PR49A,-,M13,M13,-,-
663,PR47A,-,2,-,EIO,True_OF_PR47B,-,M17,M17,-,-
664,PR47B,-,2,-,EIO,Comp_OF_PR47A,-,M18,M18,-,-
668,PR46A,-,2,-,PCLKT2_2/EIO,True_OF_PR46B,-,M20,M20,K1,J3
669,PR46B,-,2,-,EIO,Comp_OF_PR46A,-,N20,N20,J1,J2
674,PR44A,-,2,-,PCLKT2_1/EIO,True_OF_PR44B,-,M22,M22,K2,J5
675,PR44B,-,2,-,EIO,Comp_OF_PR44A,-,M21,M21,J2,J4
679,PR42A,-,2,-,PCLKT2_0/EIO,True_OF_PR42B,-,L12,L12,J7,J7
680,PR42B,-,2,-,EIO,Comp_OF_PR42A,-,M12,M12,J6,J6
683,PR40A,-,2,-,EIO,True_OF_PR40B,-,L14,L14,-,-
684,PR40B,-,2,-,EIO,Comp_OF_PR40A,-,L13,L13,-,-
687,PR38A,-,1,-,EIO,True_OF_PR38B,-,K22,K22,-,-
688,PR38B,-,1,-,EIO,Comp_OF_PR38A,-,L22,L22,-,-
690,PR35A,-,1,-,EIO,True_OF_PR35B,-,L20,L20,-,-
691,PR35B,-,1,-,EIO,Comp_OF_PR35A,-,L21,L21,-,-
695,PR33A,-,1,-,EIO,True_OF_PR33B,-,L18,L18,-,-
696,PR33B,-,1,-,EIO,Comp_OF_PR33A,-,L19,L19,-,-
700,PR31A,-,1,-,PCLKT1_0/EIO,True_OF_PR31B,-,L16,L16,G1,G2
701,PR31B,-,1,-,EIO,Comp_OF_PR31A,-,L15,L15,H1,H1
705,PR29A,-,1,-,PCLKT1_1/EIO,True_OF_PR29B,-,K20,K20,H3,H3
706,PR29B,-,1,-,EIO,Comp_OF_PR29A,-,K21,K21,H2,H2
710,PR28A,-,1,-,PCLKT1_2/EIO,True_OF_PR28B,-,K18,K18,H5,H5
711,PR28B,-,1,-,EIO,Comp_OF_PR28A,-,K19,K19,H4,H4
716,PR26A,-,1,-,EIO,True_OF_PR26B,-,K14,K14,-,-
717,PR26B,-,1,-,EIO,Comp_OF_PR26A,-,K15,K15,-,-
722,PR24A,-,1,-,EIO,True_OF_PR24B,-,K12,K12,-,-
723,PR24B,-,1,-,EIO,Comp_OF_PR24A,-,K11,K11,-,-
726,PR22A,-,1,-,EIO,True_OF_PR22B,-,J13,J13,-,-
727,PR22B,-,1,-,EIO,Comp_OF_PR22A,-,K13,K13,-,-
730,PR20A,-,1,-,EIO,True_OF_PR20B,-,J21,J21,-,-
731,PR20B,-,1,-,EIO,Comp_OF_PR20A,-,J22,J22,-,-
736,PR19A,-,1,-,SD14,True_OF_PR19B,-,J20,J20,H7,H7
737,PR19B,-,1,-,SD15,Comp_OF_PR19A,-,J19,J19,H6,H6
742,PR17A,-,1,-,SD12,True_OF_PR17B,-,J17,J17,G3,G4
743,PR17B,-,1,-,SD13,Comp_OF_PR17A,-,H17,H17,G2,G3
750,PR15A,-,1,-,SD9,True_OF_PR15B,-,J16,J16,G6,G6
751,PR15B,-,1,-,SD8,Comp_OF_PR15A,-,K17,K17,G5,G5
757,PR13A,-,1,-,TCK/SCLK/PMU_EXT_CLK,True_OF_PR13B,-,H21,H21,E1,E2
758,PR13B,-,1,-,PMU_WAKEUPN/SD11/S4_OUT,Comp_OF_PR13A,-,H22,H22,F1,F2
765,PR11A,-,1,-,SD3/SDA/USER_SDA/S4_IN,True_OF_PR11B,-,G20,G20,E2,E3
766,PR11B,-,1,-,SD2/SCL/USER_SCL/S3_IN,Comp_OF_PR11A,-,H20,H20,F2,F3
771,PR10A,-,1,-,EIO,True_OF_PR10B,-,J14,J14,E3,E4
772,PR10B,-,1,-,TDO/SSO/SD1/S3_OUT,Comp_OF_PR10A,-,J15,J15,F3,F4
776,PR8A,-,1,-,EIO,True_OF_PR8B,-,H14,H14,F6,F6
777,PR8B,-,1,-,TDI/SSI/SD0/S5_OUT,Comp_OF_PR8A,-,H15,H15,F5,F5
780,PR6A,-,1,-,URC_GPLL0T_MFGOUT1/EIO,True_OF_PR6B,-,G18,G18,F7,F7
781,PR6B,-,1,-,TMS/SCSN/URC_GPLL0T_MFGOUT2/S5_IN,Comp_OF_PR6A,-,G19,G19,G7,G7
785,PR4A,-,1,-,URC_GPLL0T_IN/S8_OUT/EIO,True_OF_PR4B,-,G17,G17,F10,F10
786,PR4B,-,1,-,SD10,Comp_OF_PR4A,-,H16,H16,F9,F9
789,JTAG_EN,-,1,-,-,-,-,F16,F16,D6,D6
790,PR3B,-,1,-,S8_IN/EIO,-,-,G16,G16,E6,E6
818,PT156B,-,0,-,-,Comp_OF_PT156A,-,G22,G22,-,-
820,PT156A,-,0,-,-,True_OF_PT156B,-,F22,F22,-,-
821,PT154B,-,0,-,-,Comp_OF_PT154A,-,F21,F21,-,-
823,PT154A,-,0,-,-,True_OF_PT154B,-,E21,E21,-,-
825,PT152B,-,0,-,-,Comp_OF_PT152A,-,E22,E22,-,-
826,PT152A,-,0,-,-,True_OF_PT152B,-,D22,D22,-,-
828,PT150B,-,0,-,-,Comp_OF_PT150A,-,F20,F20,-,-
829,PT150A,-,0,-,-,True_OF_PT150B,-,G21,G21,-,-
833,PT148B,-,0,-,-,Comp_OF_PT148A,-,F18,F18,-,-
834,PT148A,-,0,-,-,True_OF_PT148B,-,F19,F19,-,-
836,PT146B,-,0,-,-,Comp_OF_PT146A,-,D19,D19,-,-
838,PT146A,-,0,-,-,True_OF_PT146B,-,D18,D18,-,-
842,PT144B,-,0,-,S7_OUT,Comp_OF_PT144A,-,D21,D21,C1,D1
846,PT144A,-,0,-,S7_IN,True_OF_PT144B,-,D20,D20,C2,D2
850,PT142B,-,0,-,MCSNO/MSDO/S6_OUT,Comp_OF_PT142A,-,E17,E17,D1,D3
854,PT142A,-,0,-,MD3/SD7/S6_IN/OSC_BURST,True_OF_PT142B,-,E16,E16,D2,D4
856,PT140B,-,0,-,MD2/SD6/S2_OUT,Comp_OF_PT140A,-,C22,C22,C3,C1
860,PT140A,-,0,-,MISO/MD1/SD5/S2_IN/OSC_HI,True_OF_PT140B,-,C21,C21,C4,C2
862,PT138B,-,0,-,MOSI/MD0/SD4/S1_OUT,Comp_OF_PT138A,-,E18,E18,D3,D5
869,PT138A,-,0,-,MCSN/S1_IN/PCLKT0_1,True_OF_PT138B,-,F17,F17,D4,E5
872,PT136B,-,0,-,DONE/S0_OUT,Comp_OF_PT136A,-,E15,E15,D5,D7
876,PT136A,-,0,-,MCLK/PCLKT0_0/S0_IN,True_OF_PT136B,-,F15,F15,E5,E7
878,PT134B,-,0,-,PROGRAMN,Comp_OF_PT134A,-,C20,C20,D7,C3
881,PT134A,-,0,-,INITN,True_OF_PT134B,-,C19,C19,E7,C4
887,SD_EXT1_REFCLKN,-,83,-,-,Comp_OF_SD_EXT1_REFCLKP,-,B22,B22,B1,B1
892,SD_EXT1_REFCLKP,-,83,-,-,True_OF_SD_EXT1_REFCLKN,-,A21,A21,A2,A2
897,SD_EXT0_REFCLKN,-,83,-,-,Comp_OF_SD_EXT0_REFCLKP,-,B20,B20,B3,B3
903,SD_EXT0_REFCLKP,-,83,-,-,True_OF_SD_EXT0_REFCLKN,-,B21,B21,B2,B2
910,NC,RESERVED,99,-,-,-,-,A19,-,-,-
915,NC,RESERVED,99,-,-,-,-,A18,-,-,-
917,NC,VSS,99,-,-,-,-,D16,-,-,-
927,NC,VSS,99,-,-,-,-,C17,-,-,-
932,NC,VSS,99,-,-,-,-,B17,-,-,-
936,NC,VSS,99,-,-,-,-,D14,-,-,-
945,NC,RESERVED,99,-,-,-,-,A16,-,-,-
949,NC,RESERVED,99,-,-,-,-,A15,-,-,-
951,NC,VSS,99,-,-,-,-,E13,-,-,-
960,NC,VSS,99,-,-,-,-,C15,-,-,-
965,NC,VSS,99,-,-,-,-,B14,-,-,-
969,NC,VSS,99,-,-,-,-,E12,-,-,-
973,NC,VSS,99,-,-,-,-,D12,-,-,-
979,NC,VSS,99,-,-,-,-,C13,-,-,-
987,NC,RESERVED,99,-,-,-,-,A13,-,-,-
990,NC,RESERVED,99,-,-,-,-,A12,-,-,-
992,NC,VSS,99,-,-,-,-,D11,-,-,-
1000,NC,VSS,99,-,-,-,-,B11,-,-,-
1005,NC,VSS,99,-,-,-,-,C11,-,-,-
1011,NC,VSS,99,-,-,-,-,F12,-,-,-
1020,NC,RESERVED,99,-,-,-,-,A10,-,-,-
1024,NC,RESERVED,99,-,-,-,-,A9,-,-,-
1026,NC,VSS,99,-,-,-,-,E10,-,-,-
1034,NC,VSS,99,-,-,-,-,B7,-,-,-
1039,NC,VSS,99,-,-,-,-,B8,-,-,-
1043,NC,VSS,99,-,-,-,-,F10,-,-,-
1072,SD3_TXDN,-,80,-,-,Comp_OF_SD3_TXDP,-,A6,C17,A5,A5
1075,SD3_TXDP,-,80,-,-,True_OF_SD3_TXDN,-,A5,B17,A6,A6
1077,SD3_REFRET,-,80,-,-,-,-,D9,C13,B8,D8
1087,SD3_RXDN,-,80,-,-,Comp_OF_SD3_RXDP,-,C5,B14,C5,C6
1092,SD3_RXDP,-,80,-,-,True_OF_SD3_RXDN,-,C6,C15,C6,C5
1096,SD3_REXT,-,80,-,-,-,-,E9,E11,B6,E8
1106,SD2_TXDN,-,80,-,-,Comp_OF_SD2_TXDP,-,A3,A16,A8,A8
1109,SD2_TXDP,-,80,-,-,True_OF_SD2_TXDN,-,A2,A15,A9,A9
1111,SD2_REFRET,-,80,-,-,-,-,E8,D11,D8,C9
1121,SD2_RXDN,-,80,-,-,Comp_OF_SD2_RXDP,-,B4,C11,C9,B7
1126,SD2_RXDP,-,80,-,-,True_OF_SD2_RXDN,-,C3,B11,C8,C8
1130,SD2_REXT,-,80,-,-,-,-,F8,F10,E8,D9
1136,SDQ0_REFCLKN,-,80,-,-,Comp_OF_SDQ0_REFCLKP,-,E7,E7,D10,E10
1140,SDQ0_REFCLKP,-,80,-,-,True_OF_SDQ0_REFCLKN,-,D7,D7,E10,D10
1147,SD1_TXDN,-,80,-,-,Comp_OF_SD1_TXDP,-,F1,A12,A11,A11
1150,SD1_TXDP,-,80,-,-,True_OF_SD1_TXDN,-,E1,A13,A12,A12
1152,SD1_REFRET,-,80,-,-,-,-,D6,D10,B12,C12
1161,SD1_RXDN,-,80,-,-,Comp_OF_SD1_RXDP,-,G3,B8,B10,B10
1166,SD1_RXDP,-,80,-,-,True_OF_SD1_RXDN,-,G2,B7,C11,C11
1170,SD1_REXT,-,80,-,-,-,-,E6,D8,B13,C13
1179,SD0_TXDN,-,80,-,-,Comp_OF_SD0_TXDP,-,C1,A10,A14,A14
1184,SD0_TXDP,-,80,-,-,True_OF_SD0_TXDN,-,B1,A9,A15,A15
1186,SD0_REFRET,-,80,-,-,-,-,D4,E9,C15,C15
1196,SD0_RXDN,-,80,-,-,Comp_OF_SD0_RXDP,-,D2,A6,C14,B13
1201,SD0_RXDP,-,80,-,-,True_OF_SD0_RXDN,-,E3,A5,C13,C14
1205,SD0_REXT,-,80,-,-,-,-,E5,F8,C16,C16
1225,VSS,-,99,-,-,-,-,AB22,AB1,T16,H16
1226,VSS,-,99,-,-,-,-,E20,AB22,G13,T16
1227,VSS,-,99,-,-,-,-,W20,E20,J13,J15
1228,VSS,-,99,-,-,-,-,M19,G14,N13,D12
1229,VSS,-,99,-,-,-,-,H18,H2,D12,R11
1230,VSS,-,99,-,-,-,-,L17,H18,N11,M10
1231,VSS,-,99,-,-,-,-,W17,J5,G8,G8
1232,VSS,-,99,-,-,-,-,N16,J11,N8,M8
1233,VSS,-,99,-,-,-,-,G14,L7,P6,P7
1234,VSS,-,99,-,-,-,-,R13,L17,F4,F1
1235,VSS,-,99,-,-,-,-,P12,M19,J4,K1
1236,VSS,-,99,-,-,-,-,W12,N16,P4,T1
1237,VSS,-,99,-,-,-,-,J11,P6,T1,-
1238,VSS,-,99,-,-,-,-,P11,P11,-,-
1239,VSS,-,99,-,-,-,-,R11,P12,-,-
1240,VSS,-,99,-,-,-,-,-,R11,-,-
1241,VSS,-,99,-,-,-,-,W9,R13,-,-
1242,VSS,-,99,-,-,-,-,L7,U6,-,-
1243,VSS,-,99,-,-,-,-,P6,U15,-,-
1244,VSS,-,99,-,-,-,-,J5,V5,-,-
1245,VSS,-,99,-,-,-,-,W4,V12,-,-
1246,VSS,-,99,-,-,-,-,V3,W9,-,-
1247,VSS,-,99,-,-,-,-,H2,W20,-,-
1248,VSS,-,99,-,-,-,-,AB1,-,-,-
1275,VSSADC,-,70,-,-,-,-,P16,P16,N1,K3
1277,VCC,-,99,-,-,-,-,P17,G15,H13,H15
1278,VCC,-,99,-,-,-,-,K16,H3,F8,F8
1279,VCC,-,99,-,-,-,-,G15,K7,M8,L8
1280,VCC,-,99,-,-,-,-,R12,K16,J3,K2
1281,VCC,-,99,-,-,-,-,R10,P7,-,-
1282,VCC,-,99,-,-,-,-,K7,P17,-,-
1283,VCC,-,99,-,-,-,-,P7,R10,-,-
1284,VCC,-,99,-,-,-,-,H3,R12,-,-
1302,VCCECLK,VCC,99,-,-,-,-,T13,T11,N10,N10
1303,VCCECLK,VCC,99,-,-,-,-,T11,T13,P7,N8
1307,VCCADC18,-,70,-,-,-,-,P15,P15,P1,K4
1308,VCCAUX,-,99,-,-,-,-,N15,J12,H8,J14
1309,VCCAUX,-,99,-,-,-,-,J12,N15,-,H8
1314,VCCAUXA,VCCAUX,99,-,-,-,-,H11,H11,D13,D13
1316,VCCAUXH3,VCCAUX,3,-,-,-,-,V17,T15,T2,L1
1318,VCCAUXH4,VCCAUX,4,-,-,-,-,V12,U11,N9,N7
1320,VCCAUXH5,VCCAUX,5,-,-,-,-,V4,T7,N12,P11
1322,VCCIO0,-,0,-,-,-,-,E19,E19,E4,E1
1324,VCCIO1,-,1,-,-,-,-,H19,H19,G4,G1
1325,VCCIO1,-,1,-,-,-,-,J18,J18,-,-
1327,VCCIO2,-,2,-,-,-,-,N19,N19,J5,J1
1330,VCCIO3,-,3,-,-,-,-,V20,V16,P5,T2
1331,VCCIO3,-,3,-,-,-,-,Y20,V20,P3,R1
1332,VCCIO3,-,3,-,-,-,-,Y17,Y20,-,-
1334,VCCIO4,-,4,-,-,-,-,Y12,V9,M9,T11
1335,VCCIO4,-,4,-,-,-,-,V9,W12,P8,R7
1336,VCCIO4,-,4,-,-,-,-,Y9,Y9,-,-
1338,VCCIO5,-,5,-,-,-,-,Y4,V4,T15,R16
1339,VCCIO5,-,5,-,-,-,-,V2,W5,N14,T15
1342,VCCIO6,-,6,-,-,-,-,P5,P5,J14,J16
1345,VCCIO7,-,7,-,-,-,-,K5,J4,F13,G16
1346,VCCIO7,-,7,-,-,-,-,J4,K5,-,-
1348,VCCAUXSDQ0,-,80,-,-,-,-,G9,G9,A4,A4
1350,VCCAUXSDQ1,-,81,-,-,-,-,G13,G13,-,-
1351,VCCSDCK,-,83,-,-,-,-,J10,J10,D11,D11
1352,VCCPLLSD0,-,80,-,-,-,-,E4,E6,B15,B14
1354,VCCPLLSD1,-,80,-,-,-,-,D5,C9,B11,B11
1356,VCCPLLSD2,-,80,-,-,-,-,D8,E10,D9,B8
1358,VCCPLLSD3,-,80,-,-,-,-,C9,D12,B7,B5
1360,VCCPLLSD4,-,81,-,-,-,-,D10,-,-,-
1362,VCCPLLSD5,-,81,-,-,-,-,E11,-,-,-
1364,VCCPLLSD6,-,81,-,-,-,-,D13,-,-,-
1366,VCCPLLSD7,-,81,-,-,-,-,D15,-,-,-
1368,VCCSD0,-,80,-,-,-,-,F5,F5,B16,B16
1370,VCCSD1,-,80,-,-,-,-,F7,F7,A13,A13
1372,VCCSD2,-,80,-,-,-,-,H9,H9,A10,A10
1374,VCCSD3,-,80,-,-,-,-,G10,G10,A7,A7
1376,VCCSD4,-,81,-,-,-,-,G11,-,-,-
1378,VCCSD5,-,81,-,-,-,-,G12,-,-,-
1380,VCCSD6,-,81,-,-,-,-,H13,-,-,-
1382,VCCSD7,-,81,-,-,-,-,F14,-,-,-
1384,VSSSDQ,-,99,-,-,-,-,A22,A1,A16,A16
1385,VSSSDQ,-,99,-,-,-,-,A20,A4,B14,B15
1386,VSSSDQ,-,99,-,-,-,-,B19,A7,D14,D14
1387,VSSSDQ,-,99,-,-,-,-,B18,A8,C12,B12
1388,VSSSDQ,-,99,-,-,-,-,C18,A11,E11,E11
1389,VSSSDQ,-,99,-,-,-,-,A17,A14,C10,C10
1390,VSSSDQ,-,99,-,-,-,-,D17,A17,B9,B9
1391,VSSSDQ,-,99,-,-,-,-,B16,A20,E9,E9
1392,VSSSDQ,-,99,-,-,-,-,C16,A22,C7,C7
1393,VSSSDQ,-,99,-,-,-,-,B15,B2,B5,B6
1394,VSSSDQ,-,99,-,-,-,-,A14,B3,B4,B4
1395,VSSSDQ,-,99,-,-,-,-,C14,B5,A3,A3
1396,VSSSDQ,-,99,-,-,-,-,E14,B6,A1,A1
1397,VSSSDQ,-,99,-,-,-,-,B13,B9,-,-
1398,VSSSDQ,-,99,-,-,-,-,F13,B10,-,-
1399,VSSSDQ,-,99,-,-,-,-,B12,B12,-,-
1400,VSSSDQ,-,99,-,-,-,-,C12,B13,-,-
1401,VSSSDQ,-,99,-,-,-,-,H12,B15,-,-
1402,VSSSDQ,-,99,-,-,-,-,A11,B16,-,-
1403,VSSSDQ,-,99,-,-,-,-,F11,B18,-,-
1404,VSSSDQ,-,99,-,-,-,-,B10,B19,-,-
1405,VSSSDQ,-,99,-,-,-,-,C10,C2,-,-
1406,VSSSDQ,-,99,-,-,-,-,H10,C4,-,-
1407,VSSSDQ,-,99,-,-,-,-,B9,C7,-,-
1408,VSSSDQ,-,99,-,-,-,-,F9,C8,-,-
1409,VSSSDQ,-,99,-,-,-,-,A8,C10,-,-
1410,VSSSDQ,-,99,-,-,-,-,C8,C12,-,-
1411,VSSSDQ,-,99,-,-,-,-,G8,C14,-,-
1412,VSSSDQ,-,99,-,-,-,-,A7,C16,-,-
1413,VSSSDQ,-,99,-,-,-,-,C7,C18,-,-
1414,VSSSDQ,-,99,-,-,-,-,B6,D1,-,-
1415,VSSSDQ,-,99,-,-,-,-,F6,D3,-,-
1416,VSSSDQ,-,99,-,-,-,-,B5,D17,-,-
1417,VSSSDQ,-,99,-,-,-,-,A4,E2,-,-
1418,VSSSDQ,-,99,-,-,-,-,C4,E14,-,-
1419,VSSSDQ,-,99,-,-,-,-,F4,F2,-,-
1420,VSSSDQ,-,99,-,-,-,-,G4,F3,-,-
1421,VSSSDQ,-,99,-,-,-,-,B3,F4,-,-
1422,VSSSDQ,-,99,-,-,-,-,D3,F6,-,-
1423,VSSSDQ,-,99,-,-,-,-,F3,F9,-,-
1424,VSSSDQ,-,99,-,-,-,-,B2,F11,-,-
1425,VSSSDQ,-,99,-,-,-,-,C2,F13,-,-
1426,VSSSDQ,-,99,-,-,-,-,E2,G1,-,-
1427,VSSSDQ,-,99,-,-,-,-,F2,G4,-,-
1428,VSSSDQ,-,99,-,-,-,-,A1,G8,-,-
1429,VSSSDQ,-,99,-,-,-,-,D1,H10,-,-
1430,VSSSDQ,-,99,-,-,-,-,G1,H12,-,-
1477,NC_A2,NC,99,-,-,-,-,-,A2,-,-
1478,NC_A3,-,99,-,-,-,-,-,A3,-,-
1504,NC_B1,-,99,-,-,-,-,-,B1,-,-
1505,NC_B4,-,99,-,-,-,-,-,B4,-,-
1507,NC_C1,NC,99,-,-,-,-,-,C1,-,-
1509,NC_C6,-,99,-,-,-,-,-,C6,-,-
1511,NC_D2,-,99,-,-,-,-,-,D2,-,-
1513,NC_D5,NC,99,-,-,-,-,-,D5,-,-
1514,NC_E1,-,99,-,-,-,-,-,E1,-,-
1515,NC_E4,-,99,-,-,-,-,-,E4,-,-
1518,NC_E8,-,99,-,-,-,-,-,E8,-,-
1520,NC_F1,-,99,-,-,-,-,-,F1,-,-
1524,NC_G11,-,99,-,-,-,-,-,G11,-,-
1568,NC_A18,-,99,-,-,-,-,-,A18,-,-
1569,NC_A19,-,99,-,-,-,-,-,A19,-,-
1570,NC_C3,-,99,-,-,-,-,-,C3,-,-
1571,NC_C5,-,99,-,-,-,-,-,C5,-,-
1572,NC_D13,-,99,-,-,-,-,-,D13,-,-
1573,NC_D14,-,99,-,-,-,-,-,D14,-,-
1574,NC_D15,-,99,-,-,-,-,-,D15,-,-
1575,NC_D16,-,99,-,-,-,-,-,D16,-,-
1576,NC_D4,-,99,-,-,-,-,-,D4,-,-
1577,NC_D6,-,99,-,-,-,-,-,D6,-,-
1578,NC_D9,-,99,-,-,-,-,-,D9,-,-
1579,NC_E12,-,99,-,-,-,-,-,E12,-,-
1580,NC_E13,-,99,-,-,-,-,-,E13,-,-
1581,NC_E3,-,99,-,-,-,-,-,E3,-,-
1582,NC_E5,-,99,-,-,-,-,-,E5,-,-
1583,NC_F12,-,99,-,-,-,-,-,F12,-,-
1584,NC_F14,-,99,-,-,-,-,-,F14,-,-
1585,NC_G12,-,99,-,-,-,-,-,G12,-,-
1586,NC_G2,-,99,-,-,-,-,-,G2,-,-
1587,NC_G3,-,99,-,-,-,-,-,G3,-,-
1588,NC_H13,-,99,-,-,-,-,-,H13,-,-
